α [°],L [mm],H [mm],b [mm],Ls [mm],d [mm],P [ ],2π/n [rad],γ [N/mm3],Pmax [N],δ(Pmax) [mm],γAH' [N],Nγ [ ],Vroot [mm3],F/Nroot [ ],P0 [N],DR [ ],d50 [mm],φ [°]
30,50.0,60.0,25.0,16.69872981077806,5.0,1.0,2.094395102393196,1.6227528090000002e-05,4.436996466849162,0.8577224399999982,1.4518624866809922,3.056072119469309,3154.9882045997947,130.32557521685985,1.5395424524974817,0.8,0.12,39.33
30,50.0,90.0,25.0,46.69873,5.0,1.0,2.094395102393196,1.513421783e-05,5.1808277957765005,1.08637832,2.245524007983816,2.307179873097059,3744.036827147881,128.23227660151005,0.8045453132534996,0.55,0.1,26.6
45,35.3553,60.0,25.0,35.0,5.0,1.0,2.094395102393196,1.6227528090000002e-05,5.383233080247388,0.6971055400000001,1.6462383062890062,3.2700205430053524,2686.289870508294,185.70714659753932,2.222446702037085,0.8,0.12,39.33
30,50.0,90.0,25.0,46.69873,5.0,1.0,2.094395102393196,1.534730914e-05,5.702605711267501,1.028529819999996,2.277141211982902,2.5042828618879343,3744.036827147881,141.14696371740808,1.0075668964795006,0.8,0.1,27.34
30,50.0,60.0,25.0,16.69872981077806,5.0,1.0,1.0471975511965976,1.6227528090000002e-05,5.7637628783804,0.6392570400000017,1.4518624866809922,3.9699096376245393,5745.8302135841695,92.95903879074578,0.2030335343982196,0.8,0.12,39.33
90,12.5,60.0,12.5,60.0,5.0,1.0,0.0,1.6227528090000002e-05,6.063413449065,0.3437864600000004,12.686553756655915,0.4779401534387438,3632.466505713199,154.6870195519005,1.3579395741449996,0.8,0.12,39.33
45,35.355339,90.0,25.0,65.0,5.0,1.0,2.094395102393196,1.513421783e-05,6.2243842151575,0.6651142400000007,2.426803989661696,2.5648483526785366,3275.3402488696497,176.10767281261468,1.238049747501,0.55,0.1,26.6
45,35.355339,90.0,25.0,65.0,5.0,1.0,2.094395102393196,1.534730914e-05,6.3970065563145,0.7583500199999957,2.4609736340449784,2.599380370361816,3275.3402488696497,180.99170916477212,1.0311100153340005,0.8,0.1,27.34
60,28.867513,90.0,25.0,75.566243,5.0,1.0,2.094395102393196,1.513421783e-05,6.404842363863999,0.5546064599999997,2.5314660358821093,2.5300921573029047,3115.972074179287,190.48167264160404,1.4695191475124991,0.55,0.1,26.6
45,35.3553,60.0,25.0,35.0,5.0,1.0,1.0471975511965976,1.6227528090000002e-05,6.788083222051872,0.5815965000000004,1.6462383062890062,4.12339039622626,4518.289523259826,139.22313515322298,2.7395143802061104,0.8,0.12,39.33
30,50.0,90.0,25.0,46.69873,5.0,1.0,1.0471975511965976,1.513421783e-05,7.030587322980199,0.6010376599999983,2.245524007983816,3.1309339370157696,6334.878836132256,102.84699369523706,1.8736109867475,0.55,0.1,26.6
30,50.0,90.0,25.0,46.69872981077806,5.0,1.0,2.094395102393196,1.533716814e-05,7.110014303047688,1.4675357999999992,2.2756365515359103,3.1244067943314064,3744.036827147881,175.98217055049858,1.2761375825403,0.5,0.12,30.8
60,28.867513,90.0,25.0,75.566243,5.0,1.0,2.094395102393196,1.534730914e-05,7.194380129129901,0.6158534799999971,2.567109332408298,2.8025219020884444,3115.972074179287,213.9627305033985,1.3694771959365002,0.8,0.1,27.34
75,25.881905,90.0,25.0,83.30127,5.0,1.0,2.094395102393196,1.513421783e-05,7.553344971839449,0.5328081800000017,2.6080839713395747,2.896127983164541,3099.036158305483,225.86606410810947,2.1364661778179994,0.55,0.1,26.6
90,25.0,90.0,25.0,90.0,5.0,1.0,2.094395102393196,1.533716814e-05,7.861187715016644,2.147557300000001,2.710301329996618,2.9004847645580627,3180.700573388465,229.035966639166,2.524893214719544,0.5,0.12,30.8
45,35.3553,90.0,25.0,65.0,5.0,1.0,2.094395102393196,1.533716814e-05,7.900229357741924,0.9772878599999972,2.459347503145079,3.2123273948227724,3275.3384930563802,223.5227943224069,2.027310549686568,0.5,0.12,30.8
30,50.0,90.0,25.0,46.69873,5.0,1.0,1.0471975511965976,1.534730914e-05,7.934872992134267,0.6818198200000032,2.277141211982902,3.4845766043752264,6334.878836132256,116.07534265695068,2.1080257160199998,0.8,0.1,27.34
75,25.881905,90.0,25.0,83.30127,5.0,1.0,2.094395102393196,1.534730914e-05,8.383098190658101,0.5822568999999967,2.6448060561070537,3.1696457179916475,3099.036158305483,250.67799768380627,2.6837461885675005,0.8,0.1,27.34
45,35.355339,90.0,25.0,65.0,5.0,1.0,1.0471975511965976,1.513421783e-05,8.525307030877,0.4987417000000035,2.426803989661696,3.512977177883022,5107.342198910808,154.68684403871,1.8196757846785003,0.55,0.1,26.6
60,28.8675,90.0,25.0,75.56624327025935,5.0,1.0,2.094395102393196,1.533716814e-05,8.739227672084079,0.8386597400000012,2.565413070509715,3.406557708988247,3115.971436043278,259.9069502289867,2.5834198705808697,0.5,0.12,30.8
30,50.0,90.0,25.0,46.69872981077806,5.0,1.0,1.0471975511965976,1.533716814e-05,8.748970178652105,0.6529400199999991,2.2756365515359103,3.844625440186003,6334.878836132256,127.98436879697715,2.1346209100185054,0.5,0.12,30.8
30,50.0,90.0,25.0,46.69873,5.0,1.0,2.094395102393196,1.6750322160000002e-05,8.752849122536396,2.9437533200000026,2.4853118261046814,3.5218313575786,3744.036827147881,216.6444850082394,0.941854496159499,0.8,0.72,34.05
15,50.0,90.0,12.941,41.703708685546594,5.0,1.0,2.094395102393196,1.6227528090000002e-05,8.758712685220129,0.6454851200000002,0.6309417572476642,13.881967051012698,3535.876731963809,229.55220644866498,0.15424938510491631,0.8,0.12,39.33
60,28.867513,90.0,25.0,75.566243,5.0,1.0,1.0471975511965976,1.513421783e-05,8.993143075776997,0.3750259199999949,2.5314660358821093,3.552543446486837,4611.795378428525,180.70899913433888,3.0554584308324992,0.55,0.1,26.6
45,35.355339,90.0,25.0,65.0,5.0,1.0,1.0471975511965976,1.534730914e-05,9.017665388634,0.4948707399999994,2.4609736340449784,3.664267371207922,5107.342198910808,163.62040622264905,2.5425167973240006,0.8,0.1,27.34
15,75.0,90.0,19.4114,17.55556302831988,5.0,1.0,2.094395102393196,1.6227528090000002e-05,9.080643766215946,0.4793945199999985,1.2649815809964386,7.178479040827641,4534.350557118027,185.58371027050168,0.04693902477297509,0.8,0.12,39.33
30,50.0,90.0,25.0,46.69872981077806,5.0,1.0,3.1415926535897927,1.6227528090000002e-05,9.423977046144007,1.5503956799999992,2.4077427935584788,3.9140298005901264,2827.91895692997,308.82010613816675,0.34148815540773536,0.8,0.12,39.33
45,35.3553,90.0,25.0,65.0,5.0,1.0,3.1415926535897927,1.6227528090000002e-05,9.560514481357332,1.1538534200000017,2.602118613166494,3.6741270874363527,2627.546101587218,337.18576092311656,0.8096991781849023,0.8,0.12,39.33
75,25.881905,90.0,25.0,83.30127,5.0,1.0,1.0471975511965976,1.513421783e-05,9.639485549900499,0.3610559199999993,2.6080839713395747,3.696002757514524,4440.154696707681,201.1842890950603,3.587045644118999,0.55,0.1,26.6
45,35.3553,90.0,25.0,65.0,5.0,1.0,1.0471975511965976,1.533716814e-05,9.870858376087488,0.5141213999999988,2.459347503145079,4.013608635406087,5107.338145807912,179.10124953121962,3.5199144222337626,0.5,0.12,30.8
90,25.0,60.0,25.0,60.0,5.0,1.0,0.0,1.6227528090000002e-05,9.903385737595,0.2985846199999977,5.1802436279630815,1.9117606137549752,10995.574287564275,83.46494001530479,4.423190435334997,0.8,0.12,39.33
60,28.867513,90.0,25.0,75.566243,5.0,1.0,1.0471975511965976,1.534730914e-05,10.002382300281,0.4502353200000003,2.567109332408298,3.896360070841784,4611.795378428525,200.9887398891002,3.849900737123,0.8,0.1,27.34
60,28.8675,90.0,25.0,75.56624327025935,5.0,1.0,1.0471975511965976,1.533716814e-05,10.036695392280755,0.6550177399999995,2.565413070509715,3.9123116303007657,4611.793974529307,201.6782915379668,4.007754580698716,0.5,0.12,30.8
90,25.0,90.0,25.0,90.0,5.0,1.0,0.0,1.513421783e-05,10.2858421456,0.1865680800000013,3.845984016056384,2.674437049831256,11584.622910112363,82.28037470447906,3.2612028117516667,0.55,0.1,26.6
60,28.8675,90.0,25.0,75.56624327025935,5.0,1.0,3.1415926535897927,1.6227528090000002e-05,10.497081539108782,1.3268299599999969,2.714341544941135,3.867266283667493,2587.050801339838,376.01218707535037,1.6681829504858,0.8,0.12,39.33
90,25.0,90.0,25.0,90.0,5.0,1.0,1.0471975511965976,1.533716814e-05,10.592804268352367,1.6211677000000022,2.710301329996618,3.908349286153208,4476.121577880652,219.3044180438723,4.329685661694532,0.5,0.12,30.8
15,50.0,90.0,12.941,41.703708685546594,5.0,1.0,1.0471975511965976,1.6227528090000002e-05,10.797682927270913,0.4954396999999988,0.6309417572476642,17.113596941773643,5796.469486737588,172.6256487573334,1.032217725719171,0.8,0.12,39.33
45,35.355339,90.0,25.0,65.0,5.0,1.0,2.094395102393196,1.6750322160000002e-05,10.981392526160002,1.3750543999999991,2.6859497532424967,4.088457914338564,3275.3402488696497,310.69860329548163,1.0195258119549986,0.8,0.72,34.05
90,12.5,120.0,12.5,120.0,5.0,1.0,0.0,1.513421783e-05,11.038874205135002,1.4993391400000011,12.382651750017637,0.8914790166104186,4810.5637508093705,212.65084724549087,0.9970258019443764,0.55,0.1,26.6
45,35.3553,90.0,25.0,65.0,5.0,1.0,0.0,1.533716814e-05,11.100057378677503,0.2569667200000009,2.459347503145079,4.513415596812755,15206.531093064585,67.64463798912134,5.753948310536512,0.5,0.12,30.8
90,25.0,90.0,25.0,90.0,5.0,1.0,0.0,1.534730914e-05,11.12583075135,0.19742149999999892,4.102303697070652,2.712093392620996,11584.622910112363,88.9997639630599,5.106443276795001,0.8,0.1,27.34
30,75.0,90.0,37.5,25.048094716167107,5.0,1.0,2.094395102393196,1.6227528090000002e-05,11.139099021402783,7.68458204,4.900035892548349,2.2732688628551454,4791.549157525702,215.4330966516984,1.2761375825403,0.8,0.12,39.33
30,50.0,90.0,25.0,46.69872981077806,5.0,1.0,2.094395102393196,1.6227528090000002e-05,11.187882725873392,1.3981760200000026,2.4077427935584788,4.6466270217087695,3744.036827147881,276.9147574175313,1.471273735,0.8,0.12,39.33
75,25.881905,90.0,25.0,83.30127,5.0,1.0,1.0471975511965976,1.534730914e-05,11.2862303781465,0.3940860799999959,2.6448060561070537,4.267318714007689,4440.154696707681,235.55325887841755,3.6380493443035,0.8,0.1,27.34
60,28.8675,90.0,25.0,75.56624327025935,5.0,1.0,0.0,1.533716814e-05,11.529370881281128,0.27933141999999683,2.5654130705097145,4.494157690944636,12895.55027804501,82.85219876120313,5.988126105612304,0.5,0.12,30.8
30,50.0,120.0,25.0,76.69872981077806,5.0,1.0,2.094395102393196,1.533716814e-05,11.66590876131714,3.4734474600000023,3.179070328201449,3.669597573173885,4333.085449695966,249.49372629246724,2.9638776074380155,0.5,0.12,30.8
30,50.0,90.0,25.0,46.69872981077806,5.0,1.0,0.0,1.533716814e-05,11.66590876131714,0.3584117800000008,2.2756365515359103,5.126437591030691,20595.51473189553,52.49092577978117,5.4125326612273295,0.5,0.12,30.8
15,75.0,90.0,19.4114,17.55556302831988,5.0,1.0,1.0471975511965976,1.6227528090000002e-05,11.753734108513036,0.5501716199999991,1.2649815809964386,9.291624704333245,8267.564868262021,131.74573304661322,0.7200287064686859,0.8,0.12,39.33
30,50.0,90.0,25.0,46.69873,5.0,1.0,2.094395102393196,1.6227528090000002e-05,12.050443881944995,0.8075167999999954,2.4077427935584788,5.004871747174981,3744.036827147881,298.2642762803784,2.4328356933299995,0.8,0.12,39.33
90,25.0,90.0,25.0,90.0,5.0,1.0,0.0,1.533716814e-05,12.153676858506227,0.31038037999999857,2.710301329996618,4.484252995780877,11584.622910112363,97.22189703084491,6.544162920408052,0.5,0.12,30.8
90,12.5,120.0,12.5,120.0,5.0,1.0,0.0,1.534730914e-05,12.158245443399998,1.8341619399999964,13.448923414451606,0.9040311308736654,4810.5637508093705,234.21420939419247,0.9866982773873088,0.8,0.1,27.34
60,28.867513,90.0,25.0,75.566243,5.0,1.0,2.094395102393196,1.6750322160000002e-05,12.186581856641498,1.3203224800000042,2.801788114485164,4.349572972216286,3115.972074179287,362.4321043299588,1.1801800193854992,0.8,0.72,34.05
90,25.0,90.0,25.0,90.0,5.0,1.0,3.1415926535897927,1.6227528090000002e-05,12.282388972947714,0.6235928599999983,2.8676409206324625,4.2830986559638085,2722.6416382795096,418.0523532193661,2.9754647937036784,0.8,0.12,39.33
45,35.355339,90.0,25.0,65.0,5.0,1.0,1.0471975511965976,1.6750322160000002e-05,12.70855345347,1.3208863600000007,2.6859497532424967,4.7314933714333804,5107.342198910808,230.5894695516082,1.6128987448349985,0.8,0.72,34.05
75,25.881905,90.0,25.0,83.30127,5.0,1.0,2.094395102393196,1.6750322160000002e-05,12.760537524455,1.5274620200000035,2.886587680380313,4.420630494332941,3099.036158305483,381.57563268960564,2.518163354979998,0.8,0.72,34.05
30,50.0,90.0,25.0,46.69873,5.0,1.0,1.0471975511965976,1.6750322160000002e-05,12.864312475419998,1.6966615799999991,2.4853118261046814,5.176136185527553,6334.878836132256,188.18568112062786,2.1825584134829987,0.8,0.72,34.05
45,35.3553,120.0,25.0,95.0,5.0,1.0,2.094395102393196,1.533716814e-05,12.953633530123104,1.7557394399999986,3.3627812798106187,3.8520594865606634,3864.3871156044665,310.6342140464768,2.915093458144712,0.5,0.12,30.8
45,35.3553,90.0,25.0,65.0,5.0,1.0,2.094395102393196,1.6227528090000002e-05,13.02197475382832,1.0563707600000027,2.602118613166494,5.004374008140236,3275.3384930563802,368.43337740810796,2.3882837182303525,0.8,0.12,39.33
90,25.0,90.0,25.0,90.0,5.0,1.0,0.0,1.533716814e-05,13.187881911505,0.2142185199999984,4.865836047655061,2.710301329996618,11584.622910112363,105.49489773194998,4.950784282675,0.5,0.12,30.8
90,50.0,60.0,50.0,60.0,5.0,1.0,0.0,1.513421783e-05,13.370124772445,0.14268704000000282,1.874711087323301,7.131832132883347,40448.00541496859,30.63209196862217,9.038056094468333,0.55,0.1,26.6
90,12.5,90.0,12.5,90.0,5.0,1.0,0.0,1.6227528090000002e-05,13.475755141589994,0.4264558400000018,18.796990996512765,0.7169102301581156,4221.515128261285,295.81695929106417,2.400283499319998,0.8,0.12,39.33
30,50.0,90.0,25.0,46.69872981077806,5.0,1.0,1.0471975511965976,1.6227528090000002e-05,13.890200587874556,0.7424013600000011,2.4077427935584788,5.768971928827077,6334.878836132256,203.19289223779347,3.237024539140532,0.8,0.12,39.33
15,75.0,90.0,19.4114,17.55556302831988,5.0,1.0,0.0,1.6227528090000002e-05,14.095078801970407,0.3327450800000001,1.2649815809964386,11.142517024530566,23281.01164258249,56.10531017468272,2.017568487941233,0.8,0.12,39.33
45,50.0,90.0,35.3553,54.644660940672615,5.0,1.0,2.094395102393196,1.6227528090000002e-05,14.153605457831734,1.736773260000002,4.984261161403871,2.839659680642661,3934.6553800554775,333.34864358135144,2.280973357898412,0.8,0.12,39.33
90,25.0,90.0,25.0,90.0,5.0,1.0,2.094395102393196,1.6227528090000002e-05,14.231688743282286,0.7827924399999979,2.8676409206324625,4.96285592832992,3180.700573388465,414.6407268711932,3.3248503311591118,0.8,0.12,39.33
60,28.867513,90.0,25.0,75.566243,5.0,1.0,2.094395102393196,1.6227528090000002e-05,14.246427403144994,1.0470261000000003,2.714341544941135,5.248575821158848,3115.972074179287,423.69244498955874,3.4538354447799984,0.8,0.12,39.33
60,28.867513,90.0,25.0,75.566243,5.0,1.0,1.0471975511965976,1.6750322160000002e-05,14.478869524769998,1.1391290399999996,2.801788114485164,5.167724657662248,4611.795378428525,290.9396635160069,2.9703067985499985,0.8,0.72,34.05
90,50.0,60.0,50.0,60.0,5.0,1.0,0.0,1.534730914e-05,14.507070508175001,0.1390065799999971,2.0058864696057555,7.232249046989322,40448.00541496859,33.23693126017392,9.464497581532367,0.8,0.1,27.34
30,75.0,90.0,37.5,25.048094716167107,5.0,1.0,1.0471975511965976,1.6227528090000002e-05,14.59258940572752,6.92311544,4.900035892548348,2.9780576562549204,8855.012722880292,152.7149241376235,2.710214799226168,0.8,0.12,39.33
45,35.355339,90.0,25.0,65.0,5.0,1.0,2.094395102393196,1.6227528090000002e-05,14.669144032059991,1.3005968399999983,2.602118613166494,5.637384843963455,3275.3402488696497,415.03684996633416,3.199809867169998,0.8,0.12,39.33
45,75.0,90.0,53.033,36.966991411008934,5.0,1.0,2.094395102393196,1.6227528090000002e-05,14.934077561135252,8.375553479999999,10.369720768245529,1.4401619768650702,5060.176706882071,273.49603015836374,2.202890072447857,0.8,0.12,39.33
90,12.5,120.0,12.5,120.0,5.0,1.0,0.0,1.533716814e-05,14.965006739900005,1.903143259999997,16.564586277849788,0.9034337766655391,4810.5637508093705,288.28314401788214,1.651705433421668,0.5,0.12,30.8
90,37.5,60.0,37.5,60.0,5.0,1.0,0.0,1.6227528090000002e-05,15.186153562054994,0.2826359599999974,3.5304637696655714,4.301461380948694,23267.42059064941,60.483630866413286,8.77216414347,0.8,0.12,39.33
90,50.0,60.0,50.0,60.0,5.0,1.0,0.0,1.533716814e-05,15.198136307690001,0.1988337400000001,2.1028293246606875,7.227470213324312,40448.00541496859,34.82022172958977,10.892366253773668,0.5,0.12,30.8
30,50.0,120.0,25.0,76.69872981077806,5.0,1.0,1.0471975511965976,1.533716814e-05,15.363319447285695,1.8160415800000027,3.1790703282014485,4.832645352635988,6923.927458680342,205.62260609396682,4.339428168262558,0.5,0.12,30.8
60,28.8675,90.0,25.0,75.56624327025935,5.0,1.0,2.094395102393196,1.6227528090000002e-05,15.616981810674849,1.0145623600000018,2.714341544941135,5.753506532654692,3115.971436043278,464.4531835644582,2.9053509515766893,0.8,0.12,39.33
45,35.355339,90.0,25.0,65.0,5.0,1.0,1.0471975511965976,1.6227528090000002e-05,15.985357291119998,0.85347556,2.602118613166494,6.143208541776488,5107.342198910808,290.04521024742087,5.092730638099998,0.8,0.12,39.33
75,25.881905,90.0,25.0,83.30127,5.0,1.0,2.094395102393196,1.6227528090000002e-05,16.336478510379994,0.8554567600000006,2.7964944327745087,5.8417704390607215,3099.036158305483,488.5062335008986,5.149611169429999,0.8,0.12,39.33
45,35.3553,90.0,25.0,65.0,5.0,1.0,1.0471975511965976,1.6227528090000002e-05,16.377897284389142,0.6030188599999988,2.602118613166494,6.294062538701504,5107.338145807912,297.1678608452223,3.7638342790548913,0.8,0.12,39.33
90,25.0,90.0,25.0,90.0,5.0,1.0,1.0471975511965976,1.6227528090000002e-05,16.455980569839703,1.1197844000000017,2.8676409206324625,5.738508071718516,4476.121577880652,340.69063779381037,4.749185041276954,0.8,0.12,39.33
30,50.0,90.0,25.0,46.69872981077806,5.0,1.0,0.6981317007977318,1.6227528090000002e-05,16.465722631585038,0.5715025399999949,2.4077427935584788,6.838655140256832,8689.453442612594,175.60086147782573,4.241860314498643,0.8,0.12,39.33
75,25.881905,90.0,25.0,83.30127,5.0,1.0,1.0471975511965976,1.6750322160000002e-05,16.62875394565,1.4062887800000017,2.886587680380313,5.760695945137247,4440.154696707681,347.0562846714166,4.8494933561549995,0.8,0.72,34.05
90,25.0,90.0,25.0,90.0,5.0,1.0,0.0,1.6750322160000002e-05,16.750453491485,0.4027678000000002,5.658886789396503,2.9600262586754047,11584.622910112363,133.9932666902637,4.036740682029079,0.8,0.72,34.05
30,50.0,90.0,25.0,46.69872981077806,5.0,1.0,0.5235987755982988,1.6227528090000002e-05,16.953490728774117,0.3792677200000013,2.4077427935584788,7.041238280986825,10807.760646588897,145.3656258856806,5.236953138466041,0.8,0.12,39.33
30,62.5,112.5,31.25,58.373412,6.25,1.25,2.094395102393196,1.6750322160000002e-05,17.071087797225,2.1156650600000035,4.854124660360705,3.5168210525430683,7312.571928023205,216.33627747529744,2.6133006086249995,0.8,0.72,34.05
45,35.3553,90.0,25.0,65.0,5.0,1.0,0.6981317007977318,1.6227528090000002e-05,17.29490682290599,0.5243144200000001,2.602118613166494,6.646471354301554,6772.271516075507,236.65853534136247,4.7296284116877265,0.8,0.12,39.33
90,25.0,90.0,25.0,90.0,5.0,1.0,0.5235987755982988,1.6227528090000002e-05,17.460815900375117,0.3685133599999994,2.8676409206324625,6.088912937022853,6712.562483108972,241.05408715686275,5.04181698611552,0.8,0.12,39.33
90,25.0,90.0,25.0,90.0,5.0,1.0,0.6981317007977318,1.6227528090000002e-05,17.480300468688483,2.7820975600000013,2.8676409206324625,6.095707570260638,5653.408881120821,286.5344232658065,5.6271533818912065,0.8,0.12,39.33
45,35.3553,90.0,25.0,65.0,5.0,1.0,0.0,1.6227528090000002e-05,17.519342111413756,0.288015679999997,2.602118613166494,6.732722337393618,15206.531093064585,106.76427287760087,6.82712486477715,0.8,0.12,39.33
60,28.8675,90.0,25.0,75.56624327025935,5.0,1.0,0.0,1.6227528090000002e-05,17.616838348724496,0.2892399600000012,2.714341544941135,6.490280628669575,12895.55027804501,126.59786968795294,6.885651075815788,0.8,0.12,39.33
60,28.8675,90.0,25.0,75.56624327025935,5.0,1.0,1.0471975511965976,1.6227528090000002e-05,17.733963276900326,0.6935190600000041,2.714341544941135,6.53343103042875,4611.793974529307,356.3479089574679,4.35891273657592,0.8,0.12,39.33
90,25.0,120.0,25.0,120.0,5.0,1.0,0.0,1.513421783e-05,17.90312419049,0.30348936000000204,5.0206241136670995,3.5659160664416745,12173.67153266045,136.28421350908653,6.162800577931668,0.55,0.1,26.6
45,35.3553,120.0,25.0,95.0,5.0,1.0,1.0471975511965976,1.533716814e-05,17.93884149099618,1.1507393799999994,3.3627812798106187,5.3345252034965664,5696.386768355997,291.8322146415158,4.95399163891963,0.5,0.12,30.8
30,50.0,90.0,25.0,46.69872981077806,5.0,1.0,0.0,1.6227528090000002e-05,18.007110208602843,0.2950921200000003,2.4077427935584788,7.478834639969814,20595.51473189553,81.02325372218945,5.958826969455055,0.8,0.12,39.33
45,35.3553,90.0,25.0,65.0,5.0,1.0,0.5235987755982988,1.6227528090000002e-05,18.016852715170874,0.4226788599999961,2.602118613166494,6.923916774587893,8270.138603859163,201.88518378487962,6.163705628373598,0.8,0.12,39.33
75,25.881905,90.0,25.0,83.30127,5.0,1.0,1.0471975511965976,1.6227528090000002e-05,18.275491516975,1.49037294,2.7964944327745087,6.535143178827355,4440.154696707681,381.42510299664,5.809702664919998,0.8,0.12,39.33
60,36.084392,112.5,31.25,94.457804,6.25,1.25,2.094395102393196,1.6750322160000002e-05,18.37651276062,1.2986156400000033,5.472242411103835,3.3581320745827803,6085.8830149056985,279.8193916228802,2.560337833969999,0.8,0.72,34.05
45,50.0,90.0,35.3553,54.644660940672615,5.0,1.0,1.0471975511965976,1.6227528090000002e-05,18.6607153219852,1.1793321599999995,4.984261161403871,3.743928080351473,6629.2990690700035,260.8548904159411,4.388212317555862,0.8,0.12,39.33
60,28.867513,90.0,25.0,75.566243,5.0,1.0,1.0471975511965976,1.6227528090000002e-05,19.109162678795,0.9137776999999984,2.714341544941135,7.040073020438338,4611.795378428525,383.98117686812776,5.055460464774999,0.8,0.12,39.33
60,50.0,90.0,43.3013,65.0,5.0,1.0,2.094395102393196,1.6227528090000002e-05,19.128998850860913,3.2480935799999995,7.806366039683652,2.4504358050363866,4153.310604043065,426.8115246671935,3.71505057458428,0.8,0.12,39.33
90,50.0,60.0,50.0,60.0,5.0,1.0,0.0,1.6750322160000002e-05,19.436020284625002,0.3465220400000015,2.4623118073269867,7.893403356467746,40448.00541496859,44.52957403132478,10.992986863077332,0.8,0.72,34.05
90,25.0,90.0,25.0,90.0,5.0,1.0,0.0,1.6227528090000002e-05,19.646066084207245,0.30650942000000003,2.8676409206324625,6.850950529703798,11584.622910112363,157.156376307896,7.451502903278116,0.8,0.12,39.33
90,25.0,120.0,25.0,120.0,5.0,1.0,0.0,1.534730914e-05,19.678395562035004,0.3228390799999973,5.4418467710889535,3.6161245234946615,12173.67153266045,149.79813767460868,6.3900952412738015,0.8,0.1,27.34
90,12.5,120.0,12.5,120.0,5.0,1.0,0.0,1.6750322160000002e-05,19.76258074896,1.6984598999999998,20.029464966101663,0.9866754195584684,4810.5637508093705,380.7027294566745,0.9089920088472234,0.8,0.72,34.05
30,62.5,112.5,31.25,58.373412,6.25,1.25,1.0471975511965976,1.6750322160000002e-05,20.180180267904998,1.6971365599999997,4.854124660360705,4.157326331706824,12372.810226820813,151.14542186127443,2.028750718749999,0.8,0.72,34.05
45,50.0,90.0,35.3553,54.644660940672615,5.0,1.0,0.6981317007977318,1.6227528090000002e-05,20.83621988549047,0.87102696,4.984261161403871,4.180402914445542,9156.876475600595,210.86761387277863,5.5686267260298825,0.8,0.12,39.33
90,25.0,90.0,25.0,90.0,5.0,1.0,0.0,1.6227528090000002e-05,20.975132814195,0.29990541999999626,7.314420945551615,2.8676409206324625,11584.622910112363,167.78808803384624,6.901769247589997,0.8,0.12,39.33
30,50.0,120.0,25.0,76.69872981077806,5.0,1.0,2.094395102393196,1.6227528090000002e-05,21.138668177463693,3.5491343799999986,3.3636231004359667,6.2844936980971084,4333.085449695966,452.08351962628893,2.915093458144712,0.8,0.12,39.33
45,75.0,90.0,53.033,36.966991411008934,5.0,1.0,1.0471975511965976,1.6227528090000002e-05,21.733747524630093,5.826544099999999,10.369720768245529,2.0958855122872566,9227.441952266814,218.26877110939049,5.188169433995427,0.8,0.12,39.33
45,50.0,90.0,35.3553,54.644660940672615,5.0,1.0,0.5235987755982988,1.6227528090000002e-05,21.94836557635784,0.741174540000001,4.984261161403871,4.4035344187654575,11517.387599647249,176.59829657376858,7.451502903278116,0.8,0.12,39.33
30,50.0,120.0,25.0,76.69873,5.0,1.0,2.094395102393196,1.6227528090000002e-05,22.377158183415,3.2270492873132124,3.3636231004359667,6.652694881455251,4333.085449695966,478.5705677322511,4.523873349554999,0.8,0.12,39.33
90,25.0,120.0,25.0,120.0,5.0,1.0,0.0,1.533716814e-05,22.573030326525,0.3251022200000045,6.246454059377551,3.6137351066621566,12173.67153266045,171.83300812946098,6.534560219005003,0.5,0.12,30.8
90,50.0,60.0,50.0,60.0,5.0,1.0,0.0,1.6227528090000002e-05,22.715467014449995,0.32821626000000104,2.97049050637066,7.647042455019897,40448.00541496859,52.04306515754303,13.390614786954998,0.8,0.12,39.33
60,36.084392,112.5,31.25,94.457804,6.25,1.25,1.0471975511965976,1.6750322160000002e-05,22.81360804499,1.4333753400000024,5.472242411103835,4.168968830528862,9007.412975046624,234.7103323167528,5.311445411054998,0.8,0.72,34.05
30,62.5,112.5,31.25,58.373412,6.25,1.25,2.094395102393196,1.6227528090000002e-05,23.019568288955004,3.752717070696592,4.7026226436689065,4.895049004186209,7312.571928023205,291.7194130728123,4.592529706204999,0.8,0.12,39.33
60,50.0,90.0,43.3013,65.0,5.0,1.0,1.0471975511965976,1.6227528090000002e-05,23.714191555642238,2.4041481000000027,7.806366039683652,3.0378016397247047,6893.9401441288355,318.7712333245327,6.271015988705536,0.8,0.12,39.33
45,50.0,90.0,35.3553,54.644660940672615,5.0,1.0,0.0,1.6227528090000002e-05,23.880025902899362,0.2883916000000022,4.984261161403871,4.791086407714097,28887.24380265261,76.60674227050777,11.373276371655884,0.8,0.12,39.33
30,75.0,135.0,37.5,70.04809499999999,7.5,1.5,2.094395102393196,1.6750322160000002e-05,24.158261569715,2.921198119999997,8.387927413103299,2.8801228694439933,12636.124291624099,177.16996427680905,1.7796294468049991,0.8,0.72,34.05
45,35.3553,120.0,25.0,95.0,5.0,1.0,2.094395102393196,1.6227528090000002e-05,24.54337218838168,1.8965392600000053,3.557998920043982,6.89808309106465,3864.3871156044665,588.5615886892891,2.5346357212875668,0.8,0.12,39.33
60,36.084392,112.5,31.25,94.457804,6.25,1.25,2.094395102393196,1.6227528090000002e-05,25.092953975179995,1.8490742800000008,5.301448329963153,4.733226170168934,6085.8830149056985,382.0907267238717,5.462505086325001,0.8,0.12,39.33
90,50.0,90.0,50.0,90.0,5.0,1.0,0.0,1.513421783e-05,25.342783287255006,0.2308275800000008,2.3689829686638166,10.697748199325025,41037.05403751668,57.229037408874646,14.040888916885978,0.55,0.1,26.6
45,35.355339,120.0,25.0,95.0,5.0,1.0,2.094395102393196,1.6227528090000002e-05,25.433287879439998,2.1102828000000025,3.557998920043982,7.148199999769987,3864.388871417736,609.9019076808593,6.2667494334899985,0.8,0.12,39.33
30,50.0,120.0,25.0,76.69872981077806,5.0,1.0,1.0471975511965976,1.6227528090000002e-05,26.367723489059344,1.0442879800000036,3.3636231004359667,7.839083839578151,6923.927458680342,352.90550581784447,3.94915586356152,0.8,0.12,39.33
60,28.867513,120.0,25.0,105.56624,5.0,1.0,2.094395102393196,1.6227528090000002e-05,26.825020188819998,2.4074526399999976,3.670221851818624,7.308827986931635,3705.020696727373,670.9462448969181,1.6717455094900002,0.8,0.12,39.33
90,50.0,90.0,50.0,90.0,5.0,1.0,0.0,1.534730914e-05,27.10879521987,0.18203925999999654,2.498881057491144,10.848373570483988,41037.05403751668,61.217043059657705,15.555964294885001,0.8,0.1,27.34
90,12.5,120.0,12.5,120.0,5.0,1.0,0.0,1.6227528090000002e-05,27.261865258390003,1.4926386199999977,28.520166240734234,0.9558803068774876,4810.5637508093705,525.1675702575097,3.1722080700799977,0.8,0.12,39.33
30,50.0,120.0,25.0,76.69873,5.0,1.0,1.0471975511965976,1.6227528090000002e-05,27.943116562585,2.1126424599999982,3.363623100435968,8.307445789322596,6923.927458680342,373.9905604189815,7.764408272844999,0.8,0.12,39.33
90,25.0,120.0,25.0,120.0,5.0,1.0,0.0,1.6750322160000002e-05,29.224511310820002,0.6328410000000004,7.404793595622816,3.946701678233873,12173.67153266045,222.46617388143687,6.575757138434168,0.8,0.72,34.05
45,35.3553,120.0,25.0,95.0,5.0,1.0,1.0471975511965976,1.6227528090000002e-05,29.66511847411345,1.1707444199999992,3.557998920043982,8.337585013585883,5696.386768355997,482.59734198826027,4.836938772019669,0.8,0.12,39.33
90,37.5,90.0,37.5,90.0,5.0,1.0,0.0,1.6227528090000002e-05,29.868635618779997,0.3453917399999958,4.62922295061071,6.452192071423041,23856.46921319749,116.02391725497783,13.965112860579998,0.8,0.12,39.33
90,50.0,90.0,50.0,90.0,5.0,1.0,0.0,1.533716814e-05,30.124631352375,0.2778226600000014,2.778716061842152,10.841205319986472,41037.05403751668,68.02739995257885,16.834048377514243,0.5,0.12,30.8
75,25.881905,120.0,25.0,113.30127,5.0,1.0,2.094395102393196,1.6227528090000002e-05,30.265623520755,3.60915204,3.7523747396519953,8.065725206209525,3688.0847808535686,760.4786692948328,5.175113362755,0.8,0.12,39.33
45,35.355339,120.0,25.0,95.0,5.0,1.0,1.0471975511965976,1.6227528090000002e-05,30.525533088365002,1.5666237399999992,3.557998920043982,8.579410442313362,5696.390821458896,496.5943642622146,7.927221218139999,0.8,0.12,39.33
30,75.0,135.0,37.5,70.04809499999999,7.5,1.5,1.0471975511965976,1.6750322160000002e-05,31.058099887920005,2.209749199999998,8.387927413103299,3.702714432101813,21380.216071946365,134.61736948662613,6.040192282529999,0.8,0.72,34.05
60,43.30127,135.0,37.5,113.34936,7.5,1.5,2.094395102393196,1.6750322160000002e-05,33.03536177151,1.6461765399999966,9.456034886387428,3.4935744388027303,10516.405805578399,291.10525031484326,5.9117026122350005,0.8,0.72,34.05
60,36.084392,112.5,31.25,94.457804,6.25,1.25,1.0471975511965976,1.6227528090000002e-05,33.039286392840005,1.2594539199999968,5.301448329963153,6.232124569828567,9007.412975046624,339.9138739246822,10.430187207615,0.8,0.12,39.33
60,28.867513,120.0,25.0,105.56624,5.0,1.0,1.0471975511965976,1.6227528090000002e-05,33.12854063715,1.7514925600000006,3.6702218518186234,9.026304668949253,5200.844000976611,590.2918473111389,8.901143165599999,0.8,0.12,39.33
30,50.0,150.0,25.0,106.69873,5.0,1.0,2.094395102393196,1.6227528090000002e-05,35.88357970022001,3.9941708917426975,4.319503407313453,8.307339135203518,4922.134072244054,675.5859818368417,5.215328473075,0.8,0.12,39.33
90,25.0,120.0,25.0,120.0,5.0,1.0,0.0,1.6227528090000002e-05,36.40519737505,0.3882339199999969,9.521379693963071,3.8235212275099504,12173.67153266045,277.1278151853091,9.80982147061,0.8,0.12,39.33
75,25.881905,120.0,25.0,113.30127,5.0,1.0,1.0471975511965976,1.6227528090000002e-05,36.432825650095,2.8539135199999994,3.7523747396519957,9.70927164206256,5029.203319255767,671.3236843910339,9.674981013774998,0.8,0.12,39.33
90,50.0,90.0,50.0,90.0,5.0,1.0,0.0,1.6750322160000002e-05,36.44491234621999,0.4550460800000005,3.078090290534187,11.840105034701619,41037.05403751668,82.29984956206027,18.04070336448,0.8,0.72,34.05
30,75.0,135.0,37.5,70.04809499999999,7.5,1.5,2.094395102393196,1.6227528090000002e-05,36.89477084034,5.9897846921113524,8.126131928259868,4.5402623494251655,12636.124291624099,270.5759772043566,5.526257137309999,0.8,0.12,39.33
30,87.5,157.5,43.75,81.72277700000002,8.75,1.75,2.094395102393196,1.6750322160000002e-05,37.932258512435006,3.812514599999999,13.319718068029776,2.8478274328854365,20065.69737049568,175.18331940061742,6.709871935858001,0.8,0.72,34.05
60,43.30127,135.0,37.5,113.34936,7.5,1.5,2.094395102393196,1.6227528090000002e-05,41.34557778274,2.8469310599999944,9.16090271417633,4.513264584587113,10516.405805578399,364.33428073538556,10.09573827402,0.8,0.12,39.33
60,43.30127,135.0,37.5,113.34936,7.5,1.5,1.0471975511965976,1.6750322160000002e-05,42.290900596805,1.5144369000000013,9.456034886387428,4.472371464881699,15564.809523687549,251.79171204981446,14.259988627163999,0.8,0.72,34.05
45,35.355339,150.0,25.0,125.0,5.0,1.0,2.094395102393196,1.6227528090000002e-05,42.357748607195,2.9428135200000014,4.5138792269214685,9.383890546864187,4453.437493965822,881.4056189036453,6.302060238144999,0.8,0.12,39.33
60,43.30127,135.0,37.5,113.34936,7.5,1.5,1.0471975511965976,1.6750322160000002e-05,42.361496708824994,1.4596109999999969,9.456034886387428,4.4798371852251835,15564.809523687549,252.21202742874297,13.863728378619001,0.8,0.72,34.05
90,37.5,150.0,37.5,150.0,5.0,1.0,0.0,1.513421783e-05,43.31471976013,0.4965699999999989,4.318887197873456,10.029138936867213,25034.566458293662,160.33699562335082,13.924232750427224,0.55,0.1,26.6
90,50.0,90.0,50.0,90.0,5.0,1.0,0.0,1.6227528090000002e-05,43.42549567853,0.3874795399999963,3.785820547308312,11.47056368252985,41037.05403751668,98.06339297922877,21.172559311329998,0.8,0.12,39.33
90,37.5,150.0,37.5,150.0,5.0,1.0,0.0,1.534730914e-05,44.422068045495,0.6310477599999968,4.3678012137642535,10.170350222328738,25034.566458293662,164.43603858535843,14.277479135129326,0.8,0.1,27.34
30,75.0,135.0,37.5,70.04809499999999,7.5,1.5,1.0471975511965976,1.6227528090000002e-05,45.069626642284994,2.288171700000001,8.126131928259868,5.54625829855758,21380.216071946365,195.34854367213168,9.086513367224999,0.8,0.12,39.33
75,25.881905,150.0,25.0,143.30127,5.0,1.0,2.094395102393196,1.6227528090000002e-05,45.706152757825,3.592733480000002,4.708255046529483,9.70766288277344,4277.133403401655,990.2849484668387,6.17357841317,0.8,0.12,39.33
30,50.0,150.0,25.0,106.69873,5.0,1.0,1.0471975511965976,1.6227528090000002e-05,46.467243922330006,2.71812004,4.319503407313453,10.757543064708598,7512.976081228429,573.1564914738217,9.977065060375,0.8,0.12,39.33
60,50.518149,157.5,43.75,132.24093,8.75,1.75,1.0471975511965976,1.6750322160000002e-05,47.360740552475,1.6759046999999998,15.015833176068925,3.1540534579163344,24716.341269673198,177.57123244725548,4.8082985615,0.8,0.72,34.05
45,35.355339,150.0,25.0,125.0,5.0,1.0,1.0471975511965976,1.6227528090000002e-05,47.88742336203,1.936739839999997,4.5138792269214685,10.608928807049613,6285.439444006981,706.0315862058908,9.283650568185001,0.8,0.12,39.33
60,50.518149,157.5,43.75,132.24093,8.75,1.75,2.094395102393196,1.6750322160000002e-05,49.088719354394996,2.404711979999999,15.015833176068922,3.2691305756265865,16699.66302296726,272.4032607545066,12.8956911076245,0.8,0.72,34.05
90,37.5,120.0,37.5,120.0,5.0,1.0,0.0,1.6227528090000002e-05,50.193183503995,0.5463006600000005,5.834433818969313,8.602922761897387,24445.51783574558,190.2759100185304,16.88907735389,0.8,0.12,39.33
30,87.5,157.5,43.75,81.72277700000002,8.75,1.75,1.0471975511965976,1.6750322160000002e-05,50.766841147715006,2.743314300000001,13.319718068029776,3.8114050829323842,33950.99126239631,138.56897033808465,16.836507923966494,0.8,0.72,34.05
30,100.0,180.0,50.0,93.39746,10.0,2.0,2.094395102393196,1.6750322160000002e-05,51.879055492810004,3.839032200000001,19.88249460883745,2.6092830157112483,29952.294617183048,160.50932534377978,13.237990656810501,0.8,0.72,34.05
60,43.30127,135.0,37.5,113.34936,7.5,1.5,1.0471975511965976,1.6227528090000002e-05,52.000858008470004,1.5513354800000003,9.16090271417633,5.676390158362845,15564.809523687549,309.6028904856462,14.704454836715,0.8,0.12,39.33
30,87.5,157.5,43.75,81.72277700000002,8.75,1.75,2.094395102393196,1.6227528090000002e-05,52.030284823125,6.94925458,12.903996534227481,4.032106230431491,20065.69737049568,240.2925204595072,10.531208451260001,0.8,0.12,39.33
90,37.5,150.0,37.5,150.0,5.0,1.0,0.0,1.533716814e-05,52.199373043754996,0.9541687800000008,5.1358986019777255,10.163629987487315,25034.566458293662,193.22509053751492,18.209852320412946,0.5,0.12,30.8
60,57.735027,180.0,50.0,151.13249,10.0,2.0,2.094395102393196,1.6750322160000002e-05,54.62917554023999,1.204056519999997,22.41430491588131,2.4372460241465412,24927.77678978383,203.08572910166703,15.073036600167,0.8,0.72,34.05
60,28.867513,150.0,25.0,135.56624,5.0,1.0,1.0471975511965976,1.6227528090000002e-05,57.151950962715,2.579867839999998,4.62610215869611,12.3542345158291,5789.892623524697,914.74250153826,10.380170350619998,0.8,0.12,39.33
75,25.881905,150.0,25.0,143.30127,5.0,1.0,1.0471975511965976,1.6227528090000002e-05,59.55683280021999,4.313054619999998,4.708255046529483,12.649449150831394,5618.251941803854,982.3555226959688,11.04808166882,0.8,0.12,39.33
30,100.0,180.0,50.0,93.39746,10.0,2.0,1.0471975511965976,1.6750322160000002e-05,61.59000337612501,2.3469625400000025,19.88249460883745,3.0976999912651424,50679.03068905805,112.6212220600954,5.760664511594999,0.8,0.72,34.05
60,50.518149,157.5,43.75,132.24093,8.75,1.75,2.094395102393196,1.6227528090000002e-05,63.1022035161,2.884868499999997,14.547174217418895,4.337763649007581,16699.66302296726,350.16692683471166,14.920036973394,0.8,0.12,39.33
90,37.5,150.0,37.5,150.0,5.0,1.0,0.0,1.6750322160000002e-05,65.57171019644,0.8843340200000033,5.907308874192934,11.100098470032773,25034.566458293662,242.7251306023612,18.47655778728125,0.8,0.72,34.05
30,87.5,157.5,43.75,81.72277700000002,8.75,1.75,1.0471975511965976,1.6227528090000002e-05,66.92157595564,5.244002719999999,12.903996534227474,5.186112362796475,33950.99126239631,182.66359820562408,14.58871969541,0.8,0.12,39.33
60,57.735027,180.0,50.0,151.13249,10.0,2.0,1.0471975511965976,1.6750322160000002e-05,67.66697353814999,1.4768779199999995,22.41430491588131,3.0189191140255085,36894.36345939719,169.96325445293994,7.2759821856050015,0.8,0.72,34.05
90,50.0,120.0,50.0,120.0,5.0,1.0,0.0,1.6227528090000002e-05,70.16964630878999,0.5930163399999959,4.5880251562306364,15.294084910039794,41626.10266006476,156.21468015874717,26.459064450105,0.8,0.12,39.33
90,37.5,150.0,37.5,150.0,5.0,1.0,0.0,1.6227528090000002e-05,76.94761934877499,0.7516520399999992,7.1554862437755125,10.753653452371736,25034.566458293662,284.8350439544613,20.32484502671,0.8,0.12,39.33
60,50.518149,157.5,43.75,132.24093,8.75,1.75,1.0471975511965976,1.6227528090000002e-05,80.171990951535,1.6066363600000002,14.547174217418895,5.511172806024172,24716.341269673198,300.59156750812923,21.283577453985,0.8,0.12,39.33
60,57.735027,180.0,50.0,151.13249,10.0,2.0,2.094395102393196,1.6227528090000002e-05,91.2480147082,4.213961599999996,21.71473235952908,4.202124769369198,24927.77678978383,339.2174495191553,15.646989620185002,0.8,0.12,39.33
30,100.0,180.0,50.0,93.39746,10.0,2.0,1.0471975511965976,1.6227528090000002e-05,94.66395039272498,5.205498860000005,19.261942348467837,4.914558910008103,50679.03068905805,173.099028963484,21.632566707535,0.8,0.12,39.33
90,50.0,150.0,50.0,150.0,5.0,1.0,0.0,1.6227528090000002e-05,96.6078392657,0.8513064000000026,5.0533439474908,19.11760613754975,42215.15128261285,212.07150883187785,33.270717448849986,0.8,0.12,39.33
60,57.735027,180.0,50.0,151.13249,10.0,2.0,1.0471975511965976,1.6227528090000002e-05,111.39337450395,1.933905200000001,21.71473235952908,5.129852519460928,36894.36345939719,279.7935161753963,85.96256966828999,0.8,0.12,39.33
